image_path,label,source
images/garbage/img_garbage_046.jpg,garbage,public_dataset
images/garbage/img_garbage_114.jpg,garbage,public_dataset
images/garbage/img_garbage_010.jpg,garbage,public_dataset
images/garbage/img_garbage_086.jpg,garbage,public_dataset
images/garbage/img_garbage_106.jpg,garbage,public_dataset
images/clean/img_clean_078.jpg,clean,public_dataset
images/clean/img_clean_090.jpg,clean,public_dataset
images/clean/img_clean_013.jpg,clean,public_dataset
images/clean/img_clean_112.jpg,clean,public_dataset
images/garbage/img_garbage_045.jpg,garbage,public_dataset
images/clean/img_clean_007.jpg,clean,public_dataset
images/clean/img_clean_074.jpg,clean,public_dataset
images/garbage/img_garbage_030.jpg,garbage,public_dataset
images/garbage/img_garbage_079.jpg,garbage,public_dataset
images/garbage/img_garbage_116.jpg,garbage,public_dataset
images/clean/img_clean_021.jpg,clean,public_dataset
images/garbage/img_garbage_022.jpg,garbage,public_dataset
images/clean/img_clean_004.jpg,clean,public_dataset
images/clean/img_clean_071.jpg,clean,public_dataset
images/clean/img_clean_087.jpg,clean,public_dataset
images/clean/img_clean_036.jpg,clean,public_dataset
images/clean/img_clean_057.jpg,clean,public_dataset
images/garbage/img_garbage_067.jpg,garbage,public_dataset
images/clean/img_clean_003.jpg,clean,public_dataset
images/clean/img_clean_030.jpg,clean,public_dataset
images/clean/img_clean_103.jpg,clean,public_dataset
images/garbage/img_garbage_085.jpg,garbage,public_dataset
images/clean/img_clean_109.jpg,clean,public_dataset
images/clean/img_clean_083.jpg,clean,public_dataset
images/garbage/img_garbage_120.jpg,garbage,public_dataset
images/clean/img_clean_043.jpg,clean,public_dataset
images/garbage/img_garbage_062.jpg,garbage,public_dataset
images/garbage/img_garbage_074.jpg,garbage,public_dataset
images/clean/img_clean_114.jpg,clean,public_dataset
images/garbage/img_garbage_013.jpg,garbage,public_dataset
images/clean/img_clean_120.jpg,clean,public_dataset
images/garbage/img_garbage_101.jpg,garbage,public_dataset
images/garbage/img_garbage_028.jpg,garbage,public_dataset
images/clean/img_clean_082.jpg,clean,public_dataset
images/garbage/img_garbage_110.jpg,garbage,public_dataset
images/clean/img_clean_019.jpg,clean,public_dataset
images/garbage/img_garbage_011.jpg,garbage,public_dataset
images/clean/img_clean_099.jpg,clean,public_dataset
images/garbage/img_garbage_031.jpg,garbage,public_dataset
images/garbage/img_garbage_043.jpg,garbage,public_dataset
images/clean/img_clean_095.jpg,clean,public_dataset
images/garbage/img_garbage_104.jpg,garbage,public_dataset
images/garbage/img_garbage_090.jpg,garbage,public_dataset
images/garbage/img_garbage_005.jpg,garbage,public_dataset
images/clean/img_clean_063.jpg,clean,public_dataset
images/clean/img_clean_001.jpg,clean,public_dataset
images/garbage/img_garbage_053.jpg,garbage,public_dataset
images/garbage/img_garbage_006.jpg,garbage,public_dataset
images/clean/img_clean_012.jpg,clean,public_dataset
images/garbage/img_garbage_061.jpg,garbage,public_dataset
images/garbage/img_garbage_004.jpg,garbage,public_dataset
images/garbage/img_garbage_016.jpg,garbage,public_dataset
images/garbage/img_garbage_073.jpg,garbage,public_dataset
images/clean/img_clean_002.jpg,clean,public_dataset
images/clean/img_clean_038.jpg,clean,public_dataset
images/clean/img_clean_027.jpg,clean,public_dataset
images/clean/img_clean_073.jpg,clean,public_dataset
images/garbage/img_garbage_100.jpg,garbage,public_dataset
images/clean/img_clean_084.jpg,clean,public_dataset
images/garbage/img_garbage_003.jpg,garbage,public_dataset
images/clean/img_clean_033.jpg,clean,public_dataset
images/clean/img_clean_106.jpg,clean,public_dataset
images/garbage/img_garbage_082.jpg,garbage,public_dataset
images/garbage/img_garbage_099.jpg,garbage,public_dataset
images/clean/img_clean_029.jpg,clean,public_dataset
images/clean/img_clean_026.jpg,clean,public_dataset
images/garbage/img_garbage_048.jpg,garbage,public_dataset
images/garbage/img_garbage_113.jpg,garbage,public_dataset
images/clean/img_clean_046.jpg,clean,public_dataset
images/garbage/img_garbage_078.jpg,garbage,public_dataset
images/garbage/img_garbage_039.jpg,garbage,public_dataset
images/garbage/img_garbage_014.jpg,garbage,public_dataset
images/garbage/img_garbage_080.jpg,garbage,public_dataset
images/clean/img_clean_107.jpg,clean,public_dataset
images/garbage/img_garbage_065.jpg,garbage,public_dataset
images/garbage/img_garbage_034.jpg,garbage,public_dataset
images/garbage/img_garbage_001.jpg,garbage,public_dataset
images/clean/img_clean_096.jpg,clean,public_dataset
images/clean/img_clean_081.jpg,clean,public_dataset
images/clean/img_clean_077.jpg,clean,public_dataset
images/garbage/img_garbage_038.jpg,garbage,public_dataset
images/clean/img_clean_042.jpg,clean,public_dataset
images/clean/img_clean_068.jpg,clean,public_dataset
images/garbage/img_garbage_083.jpg,garbage,public_dataset
images/garbage/img_garbage_035.jpg,garbage,public_dataset
images/clean/img_clean_091.jpg,clean,public_dataset
images/clean/img_clean_040.jpg,clean,public_dataset
images/garbage/img_garbage_112.jpg,garbage,public_dataset
images/clean/img_clean_056.jpg,clean,public_dataset
images/garbage/img_garbage_107.jpg,garbage,public_dataset
images/clean/img_clean_085.jpg,clean,public_dataset
images/clean/img_clean_116.jpg,clean,public_dataset
images/garbage/img_garbage_033.jpg,garbage,public_dataset
images/clean/img_clean_015.jpg,clean,public_dataset
images/clean/img_clean_093.jpg,clean,public_dataset
images/garbage/img_garbage_105.jpg,garbage,public_dataset
images/garbage/img_garbage_049.jpg,garbage,public_dataset
images/clean/img_clean_110.jpg,clean,public_dataset
images/clean/img_clean_055.jpg,clean,public_dataset
images/garbage/img_garbage_077.jpg,garbage,public_dataset
images/clean/img_clean_005.jpg,clean,public_dataset
images/clean/img_clean_080.jpg,clean,public_dataset
images/clean/img_clean_014.jpg,clean,public_dataset
images/clean/img_clean_048.jpg,clean,public_dataset
images/clean/img_clean_034.jpg,clean,public_dataset
images/garbage/img_garbage_020.jpg,garbage,public_dataset
images/clean/img_clean_025.jpg,clean,public_dataset
images/garbage/img_garbage_111.jpg,garbage,public_dataset
images/clean/img_clean_097.jpg,clean,public_dataset
images/clean/img_clean_062.jpg,clean,public_dataset
images/clean/img_clean_052.jpg,clean,public_dataset
images/clean/img_clean_009.jpg,clean,public_dataset
images/garbage/img_garbage_066.jpg,garbage,public_dataset
images/clean/img_clean_053.jpg,clean,public_dataset
images/clean/img_clean_119.jpg,clean,public_dataset
images/garbage/img_garbage_047.jpg,garbage,public_dataset
images/garbage/img_garbage_052.jpg,garbage,public_dataset
images/clean/img_clean_006.jpg,clean,public_dataset
images/clean/img_clean_088.jpg,clean,public_dataset
images/clean/img_clean_016.jpg,clean,public_dataset
images/clean/img_clean_049.jpg,clean,public_dataset
images/garbage/img_garbage_096.jpg,garbage,public_dataset
images/clean/img_clean_011.jpg,clean,public_dataset
images/garbage/img_garbage_064.jpg,garbage,public_dataset
images/clean/img_clean_113.jpg,clean,public_dataset
images/clean/img_clean_067.jpg,clean,public_dataset
images/garbage/img_garbage_037.jpg,garbage,public_dataset
images/clean/img_clean_065.jpg,clean,public_dataset
images/garbage/img_garbage_102.jpg,garbage,public_dataset
images/clean/img_clean_008.jpg,clean,public_dataset
images/clean/img_clean_094.jpg,clean,public_dataset
images/clean/img_clean_092.jpg,clean,public_dataset
images/garbage/img_garbage_055.jpg,garbage,public_dataset
images/garbage/img_garbage_017.jpg,garbage,public_dataset
images/clean/img_clean_037.jpg,clean,public_dataset
images/garbage/img_garbage_103.jpg,garbage,public_dataset
images/garbage/img_garbage_081.jpg,garbage,public_dataset
images/clean/img_clean_104.jpg,clean,public_dataset
images/clean/img_clean_051.jpg,clean,public_dataset
images/garbage/img_garbage_015.jpg,garbage,public_dataset
images/garbage/img_garbage_084.jpg,garbage,public_dataset
images/clean/img_clean_089.jpg,clean,public_dataset
images/clean/img_clean_023.jpg,clean,public_dataset
images/garbage/img_garbage_070.jpg,garbage,public_dataset
images/clean/img_clean_045.jpg,clean,public_dataset
images/garbage/img_garbage_119.jpg,garbage,public_dataset
images/clean/img_clean_058.jpg,clean,public_dataset
images/clean/img_clean_115.jpg,clean,public_dataset
images/clean/img_clean_017.jpg,clean,public_dataset
images/garbage/img_garbage_044.jpg,garbage,public_dataset
images/garbage/img_garbage_019.jpg,garbage,public_dataset
images/garbage/img_garbage_069.jpg,garbage,public_dataset
images/garbage/img_garbage_054.jpg,garbage,public_dataset
images/garbage/img_garbage_091.jpg,garbage,public_dataset
images/garbage/img_garbage_095.jpg,garbage,public_dataset
images/garbage/img_garbage_042.jpg,garbage,public_dataset
images/garbage/img_garbage_094.jpg,garbage,public_dataset
images/garbage/img_garbage_117.jpg,garbage,public_dataset
images/clean/img_clean_079.jpg,clean,public_dataset
images/clean/img_clean_072.jpg,clean,public_dataset
images/garbage/img_garbage_026.jpg,garbage,public_dataset
images/clean/img_clean_100.jpg,clean,public_dataset
images/clean/img_clean_061.jpg,clean,public_dataset
